﻿<?xml version="1.0" encoding="utf-8"?>
<manifest identifier="_6VADWMLN6yl" version="1.0" xmlns="http://www.imsproject.org/xsd/imscp_rootv1p1p2" xmlns:adlcp="http://www.adlnet.org/xsd/adlcp_rootv1p2" xmlns:xsi="http://www.w3.org/2001/XMLSchema-instance" xsi:schemaLocation="http://www.imsproject.org/xsd/imscp_rootv1p1p2 imscp_rootv1p1p2.xsd http://www.imsglobal.org/xsd/imsmd_rootv1p2p1 imsmd_rootv1p2p1.xsd http://www.adlnet.org/xsd/adlcp_rootv1p2 adlcp_rootv1p2.xsd">
  <metadata>
    <schema>ADL SCORM</schema>
    <schemaversion>1.2</schemaversion>
    <lom xmlns="http://www.imsglobal.org/xsd/imsmd_rootv1p2p1" xmlns:xsi="http://www.w3.org/2001/XMLSchema-instance" xsi:schemaLocation="http://www.imsglobal.org/xsd/imsmd_rootv1p2p1 imsmd_rootv1p2p1.xsd">
      <general>
        <title>
          <langstring xml:lang="x-none">People Manager</langstring>
        </title>
      </general>
      <lifecycle>
        <version>
          <langstring xml:lang="x-none">1</langstring>
        </version>
        <status>
          <source>
            <langstring xml:lang="x-none">LOMv1.0</langstring>
          </source>
          <value>
            <langstring xml:lang="x-none">Final</langstring>
          </value>
        </status>
      </lifecycle>
      <metametadata>
        <metadatascheme>ADL SCORM 1.2</metadatascheme>
      </metametadata>
      <educational>
        <typicallearningtime>
          <datetime>PT0H0M0S</datetime>
        </typicallearningtime>
      </educational>
      <rights>
        <cost>
          <source>
            <langstring xml:lang="x-none">LOMv1.0</langstring>
          </source>
          <value>
            <langstring xml:lang="x-none">yes</langstring>
          </value>
        </cost>
        <copyrightandotherrestrictions>
          <source>
            <langstring xml:lang="x-none">LOMv1.0</langstring>
          </source>
          <value>
            <langstring xml:lang="x-none">yes</langstring>
          </value>
        </copyrightandotherrestrictions>
      </rights>
    </lom>
  </metadata>
  <organizations default="People_Manager_ORG">
    <organization identifier="People_Manager_ORG">
      <title>People Manager</title>
      <item identifier="People_Manager_SCO" isvisible="true" identifierref="__6VADWMLN6yl_RES">
        <title>People Manager</title>
      </item>
    </organization>
  </organizations>
  <resources>
    <resource identifier="__6VADWMLN6yl_RES" type="webcontent" href="index_lms.html" adlcp:scormtype="sco">
      <file href="story_content/thumbnail.jpg" />
      <file href="mobile/6kzytA7lrEY_80.jpg" />
      <file href="mobile/6kztRMQFb3k_80_P_0_95_1000_237.jpg" />
      <file href="mobile/6O2oQZTY2hK.png" />
      <file href="mobile/6Z95UugD28A.png" />
      <file href="mobile/62iewLnS4Zi.png" />
      <file href="mobile/6LJIX0FOHqN.png" />
      <file href="mobile/6nyJdhmWyIW.png" />
      <file href="mobile/5biR66IqLZA.png" />
      <file href="mobile/6Slj7TXeg4N.png" />
      <file href="mobile/5wdpBXW79Bg.png" />
      <file href="mobile/6YHfX2eUCdQ.png" />
      <file href="mobile/6Smq6WZnDA9.png" />
      <file href="mobile/5fAiW2MDg5n.png" />
      <file href="mobile/660stQ53gWM.png" />
      <file href="mobile/69VKZQeJy58.png" />
      <file href="mobile/6jBWpKNXZml.png" />
      <file href="mobile/6TlU2dRztAC.png" />
      <file href="mobile/6q0kQHHh4oY.png" />
      <file href="mobile/5k8qvzCy9xI.png" />
      <file href="mobile/5yg8LYxVIk9.png" />
      <file href="mobile/6Op9iRRhZAV.png" />
      <file href="mobile/5dJEE0wl6rG.png" />
      <file href="mobile/6YsoScyHehK.png" />
      <file href="mobile/60Uc4gjgaqs.png" />
      <file href="story_content/5W9Cdq64cUG.js" />
      <file href="story_content/6VTNyPSIzmL.js" />
      <file href="story_content/5ikFjE6c98V.js" />
      <file href="mobile/5YjnqfS6r8y.png" />
      <file href="mobile/5hNPPZc6U6n.png" />
      <file href="mobile/6GQEjb4jOst.png" />
      <file href="story_content/5ldhRGpnSMq.js" />
      <file href="mobile/5iPTnOyftNw.png" />
      <file href="mobile/6KFT1LxRxYc.png" />
      <file href="story_content/5n2frqXyLZ2.js" />
      <file href="mobile/62u0AFeG3om.png" />
      <file href="mobile/69acWf7Ky5M.png" />
      <file href="story_content/63evEikJesb.js" />
      <file href="meta.xml" />
      <file href="story_content/triggers.js" />
      <file href="story_content/user.js" />
      <file href="mobile/txt__default_6eFA1C7xW20.png" />
      <file href="mobile/txt__default_6rbp7hnPChm.png" />
      <file href="mobile/txt__default_688Qa9NH008.png" />
      <file href="mobile/txt__default_6BBQKjks2Ry.png" />
      <file href="mobile/txt__default_6QAtWhuudfS.png" />
      <file href="mobile/txt__default_5voKb9y0Xnx.png" />
      <file href="html5/data/css/output.min.css" />
      <file href="html5/data/js/5eKQ9agCB06.js" />
      <file href="html5/data/js/5uiMCWa2HNR.js" />
      <file href="html5/data/js/677KMKHX7Hd.js" />
      <file href="html5/data/js/69H4zAikF2Z.js" />
      <file href="html5/data/js/6Bv7BmSe9kq.js" />
      <file href="html5/data/js/6flXNQynAT1.js" />
      <file href="html5/data/js/6oknAA8PYAR.js" />
      <file href="html5/data/js/6pwIbJ8mYZM.js" />
      <file href="html5/data/js/6ZU920eYzpA.js" />
      <file href="html5/data/js/data.js" />
      <file href="html5/data/js/frame.js" />
      <file href="html5/data/js/paths.js" />
      <file href="html5/lib/scripts/bootstrapper.min.js" />
      <file href="html5/lib/scripts/frame.desktop.min.js" />
      <file href="html5/lib/scripts/frame.mobile.min.js" />
      <file href="html5/lib/scripts/slides.min.js" />
      <file href="html5/lib/stylesheets/desktop.min.css" />
      <file href="html5/lib/stylesheets/mobile.min.css" />
      <file href="html5/lib/stylesheets/mobile-fonts/open-sans-bold.woff" />
      <file href="html5/lib/stylesheets/mobile-fonts/open-sans-light.woff" />
      <file href="html5/lib/stylesheets/mobile-fonts/open-sans-regular.woff" />
      <file href="analytics-frame.html" />
      <file href="story.html" />
      <file href="index_lms.html" />
      <file href="lms/AICCComm.html" />
      <file href="lms/blank.html" />
      <file href="lms/browsersniff.js" />
      <file href="lms/goodbye.html" />
      <file href="lms/scormdriver.js" />
    </resource>
  </resources>
</manifest>